Reference,Track_1,Track_2,Track_3,Track_4,Characteristic_1,Fluid_Fraction
226.57570980000003,397.220283,58.8855588,0.449736054,20.657621399999996,0.025307657999999997,0.14965213185168053
226.56340690000002,420.73947699999997,62.158392000000006,0.79358091,19.4821003,0.038290336,0.09411122842998311
226.54100950000003,436.382146,77.63951,1.15051359,18.6445205,0.04615024,0.07470247044042029
226.4899054,445.89538,86.846455,1.41702888,18.0591357,0.050660736,0.07223790677714283
226.41955840000003,441.466251,92.864047,1.27424996,18.6445205,0.04858484,0.0709493784890008
226.32744480000002,407.309545,86.08986999999999,0.91018272,19.4535182,0.031060607999999996,0.08519889266055321
226.2104101,382.776454,75.25645,0.74599281,20.457692899999998,0.016543624,0.5629180778933375
226.073817,380.078333,66.0194609,0.78820806,20.6688057,0.014832448,0.5409973063480322
225.922082,395.721002,64.2434964,0.94827513,20.0756723,0.024427442,0.1318991651943937
225.7586751,434.087537,71.64435970000001,1.13057922,18.7739806,0.045032768,0.07847317848811108
225.5851735,487.30141299999997,75.318585,1.36080767,17.8406398,0.068240992,0.06348743172351269
225.4201893,532.639495,90.290196,1.5266935,17.230912699999998,0.084355976,0.04902106351095353
225.255205,548.282895,97.69084000000001,1.76357405,16.8096374,0.089297368,0.045067371295267326
225.1097792,549.9663879999999,122.17714699999999,2.02878085,16.5686267,0.089812864,0.04378376216227801
224.96813880000002,529.78494,133.580016,2.40991694,15.938870199999998,0.083422368,0.046328411790814705
224.82239750000002,541.949511,157.140146,2.72929815,15.6987367,0.087331264,0.045042757972121004
224.67444790000002,532.2484099999999,148.935402,2.58005719,15.8706679,0.08422851199999999,0.048534025147845106
224.5179811,521.673764,157.911351,2.15729065,16.7217712,0.08071479200000001,0.06143649920053268
224.35299680000003,526.851437,153.84333600000002,1.67039348,17.418341100000003,0.08245304,0.06329084434991233
224.18485800000002,503.19115999999997,143.509189,1.43365913,17.6820128,0.074219392,0.07785781809459102
224.0100946,494.37895499999996,112.501631,1.29640657,17.842101800000002,0.070951576,0.07146799036015798
223.83627760000002,491.680834,88.391789,1.18098167,17.8510931,0.069927352,0.06498944925137456
223.6700315,494.222521,90.020457,1.10137577,18.1534347,0.07089216799999999,0.06577686336925576
223.50347000000002,506.340308,108.95116399999999,1.4068094999999998,17.704015899999998,0.0753598,0.06545042480627511
223.34574130000001,524.635045,150.9515,1.73492616,17.1913656,0.081713072,0.06113503713250742
223.1886435,544.6600589999999,185.113323,1.90387488,16.439459,0.088178392,0.04763245699889846
223.03280759999998,580.391339,226.21891499999998,1.96111218,16.0909182,0.098606,0.041174312528849503
222.8801262,599.542808,194.994981,1.98099538,16.0760058,0.10368388,0.039570741488927474
222.7277603,610.818483,157.728601,2.09885451,16.17703,0.10652418400000001,0.04021283543622251
222.57949530000002,612.487356,125.41109099999998,2.17598963,16.2365334,0.106935904,0.03676085505839984
222.4347003,603.675151,125.374541,2.07533824,16.2740337,0.104737056,0.03763230672444198
222.29022080000001,576.506074,154.01146599999998,1.81264608,16.5824426,0.09753477599999999,0.04482000929149882
222.12807569999998,556.339246,147.200008,1.57151111,16.5482318,0.091734224,0.045633667557175926
221.96182969999998,554.51467,172.518193,1.56636487,16.2211093,0.09118864800000001,0.04404955936830066
221.79558360000001,569.2837940000001,192.64774,1.81772653,15.6351397,0.095504752,0.04297744353451451
221.62870660000002,605.887888,229.11732999999998,2.18571193,15.3572135,0.10529504,0.038182434621151534
221.4615142,621.5466389999999,236.920024,2.47290721,15.3504883,0.109130992,0.037887361678175135
221.30094640000002,629.3288650000001,235.32571299999998,2.54105103,15.356043900000001,0.110966624,0.037618229080848144
221.1501577,638.8420990000001,237.923687,2.48148915,15.4137198,0.11314968,0.037606538216634997
220.99936910000002,647.513221,244.75415099999998,2.47087503,15.1144484,0.115083448,0.038286328333378944
220.85520499999998,649.166012,237.439765,2.54810518,14.854870300000002,0.11544628800000001,0.03828315037945848
220.71419559999998,643.863338,229.01791400000002,2.65592037,14.8181741,0.11427580000000001,0.038265768378477644
220.57318610000002,636.797492,228.52595099999996,2.68116911,14.989666699999999,0.112686072,0.038279434297924915
220.41261830000002,628.795966,236.528208,2.65463381,15.340766,0.110842544,0.037617700036685305
220.2514196,627.033525,233.49236499999998,2.62537919,15.589963899999999,0.11043007199999999,0.03751460100194101
220.0892744,615.5860650000001,234.357869,2.59924594,15.918475299999999,0.10769392,0.03760013724235538
219.92429019999997,611.156205,227.80664700000003,2.58575168,16.1724247,0.106607656,0.037652104916906605
219.75962149999998,604.075008,241.18979500000003,2.51832424,16.2458902,0.1048382,0.0373550930316803
219.6015773,598.7562519999999,239.61449,2.42495361,16.1773224,0.103481592,0.03745865900786177
219.44889590000002,596.915594,241.6686,2.33597629,16.058023199999997,0.10300632800000001,0.03757181743835136
219.2962145,591.61292,241.24608199999997,2.34046463,16.0158445,0.10162114400000001,0.03763040237510061
219.12996850000002,580.18008,239.69197599999998,2.34887844,16.0500553,0.098548472,0.03910629999084588
218.9608833,565.223089,228.863673,2.26004001,16.179807800000003,0.094340656,0.040445179059700416
218.7921136,559.920415,215.880382,2.11694676,16.278273499999997,0.092794544,0.04142215342438279
218.6246057,564.209192,212.123042,2.10293349,16.3580987,0.094047,0.04235549159609986
218.4570978,573.753859,223.95208399999999,2.22232041,16.187264000000003,0.09676736,0.04054812646340353
218.29653,593.74744,228.62463599999998,2.32464579,15.9603616,0.10218176,0.03759962064878088
218.1460568,609.406191,222.41406,2.19090934,15.8253459,0.106174128,0.03865721481754867
217.99526809999998,619.808321,211.525084,1.99557883,15.9158437,0.10871476,0.04025891181347852
217.85141959999999,623.223553,205.349596,1.94669686,16.1001288,0.10953068,0.0397864362671475
217.7104101,630.148316,187.559249,2.0041096,16.0460348,0.111157256,0.03995726774994695
217.5697161,636.168101,158.333869,2.06408815,15.9908443,0.11254244,0.03997774339206939
217.40851740000002,632.611786,123.62891299999998,2.03451189,15.803342800000001,0.11172727199999999,0.03833131440008954
217.2466877,623.736715,113.35543899999999,1.99734785,15.865697099999998,0.109652504,0.039267800343762836
217.08422709999996,621.942841,133.911159,1.96201131,15.9012237,0.109225744,0.038559495249153135
216.9192429,614.020263,130.280282,1.97496463,15.964820699999999,0.107311904,0.038267430912462146
216.75425869999998,613.925964,128.349711,1.97436521,15.982803299999999,0.10728859199999999,0.038165141117608395
216.59652999999997,617.3572780000001,104.35244300000001,1.93228154,15.9571452,0.108124064,0.039299046162231906
216.444164,628.616871,96.067289,1.94044681,16.0252013,0.110800808,0.03900035819510941
216.29179810000002,630.301095,87.747047,2.14161801,15.978929,0.111192976,0.037374458326928685
216.1252366,631.080341,98.46204499999999,2.31628315,16.0272481,0.111373456,0.0371444195581031
215.95583599999998,632.7645650000001,95.054123,2.46437644,16.1510064,0.111762616,0.0371550321967379
215.7867508,622.206001,103.722321,2.4267007,16.417529000000002,0.10928853599999999,0.037462530239860826
215.6192429,602.039904,82.889552,2.22762747,16.673525199999997,0.104321952,0.038635696720213435
215.45205049999998,576.6018349999999,91.478071,1.91226676,16.9798142,0.097561472,0.04214274435926379
215.2914826,570.424885,86.340603,1.64163594,17.1763801,0.095828864,0.040808548573992263
215.1416404,569.473854,103.20696600000001,1.62404808,17.345241100000003,0.09555889599999999,0.04255658008004165
214.99148259999998,585.100441,130.873854,1.65779835,16.8211141,0.099885528,0.03978802855900393
214.8479495,594.629757,151.857209,1.66692854,16.0757865,0.10241224800000001,0.040795148756168874
214.7069401,598.06034,178.53651599999998,1.85181306,15.721543900000002,0.10330224,0.0404484150099964
214.56593059999997,604.096207,170.152677,2.05430006,15.737114199999999,0.104843464,0.04003073909687912
214.4041009,610.147425,172.365414,2.18899412,16.0110199,0.106357992,0.03869981621038254
214.24195580000003,603.9551240000001,161.718399,2.30966029,15.995449599999999,0.10480774400000001,0.03756320276463924
214.0788644,598.589584,190.390412,2.55048093,15.726734,0.10343872800000001,0.0374495004361886
213.9138801,595.9221650000001,219.853367,2.57769606,15.6904033,0.102748768,0.03753382349495193
213.7492114,589.730595,211.01777,2.00258912,16.3599262,0.10112332,0.03948406999908779
213.59148259999998,552.969336,164.830266,1.54630623,17.307887,0.090723536,0.04577267422530512
213.43943219999997,510.07937300000003,114.732643,1.12612743,18.5445928,0.07669535200000001,0.06300596090423993
213.28738169999997,491.628933,102.779331,1.16427101,18.4874286,0.06990742400000001,0.055512933889496054
213.12050469999997,502.04641399999997,128.962289,1.3965024,17.6308428,0.07380128,0.06410180007986403
212.95078859999998,556.1345660000001,171.19288999999998,1.69275477,16.5171643,0.091672936,0.044805438470780036
212.781388,584.020023,206.106181,1.99168991,15.931779500000001,0.099593752,0.040614389930404476
212.6141956,623.244752,269.27847,2.23194768,15.7319241,0.10953556800000001,0.03768200939670161
212.44668769999998,631.042329,319.196267,2.44321399,15.6319964,0.11136480800000001,0.037198106743601904
212.2870662,639.6981,359.207552,2.51860933,15.5463232,0.113342944,0.03734391889042355
212.13722400000003,635.252889,350.296662,2.50924522,15.617668799999999,0.11233376,0.03719804184631445
211.9876972,618.580241,315.183077,2.64309132,15.3321402,0.10841922400000001,0.0376339557477205
211.844164,607.13205,303.36938599999996,2.85100965,14.7467554,0.10560712,0.03804125072312525
211.7031546,604.433929,262.920232,3.07788281,14.3184625,0.104928816,0.037855974009248755
211.5624606,613.088969,255.859503,3.11067547,14.3969719,0.10708367199999999,0.03807480340467435
211.3996845,618.266642,283.574637,2.86728902,15.0180295,0.108343648,0.03825840196721118
211.23722400000003,616.4420660000001,316.308086,2.77694473,15.289303599999998,0.107902224,0.03743067642875037
211.073817,601.500426,335.496105,2.75195915,15.703342000000001,0.104184336,0.03695414275818818
210.90883280000003,579.555806,306.099671,2.54493995,16.3458179,0.098377016,0.03826213968727241
210.7438486,533.2038269999999,288.03373700000003,1.86676201,17.259567899999997,0.08453908800000001,0.04708422784168276
210.5864353,486.819684,217.892825,0.84950241,18.1019723,0.068053744,0.0760269063260428
210.4347003,450.02772300000004,155.349927,0.98803422,18.5588473,0.05256066400000001,0.08153135961019496
210.28328080000003,466.559288,106.631701,1.26443994,17.8877893,0.059824232000000005,0.0588393852077402
210.1138801,512.7862660000001,109.81081999999999,1.54195678,17.3738232,0.077650016,0.050354097698948795
209.94132489999998,565.127328,132.617289,1.84445189,16.3458179,0.094312832,0.04185615574748614
209.7684543,586.010536,179.478775,2.26161897,15.6890875,0.100130304,0.037806356515244076
209.59305990000001,599.0333009999999,240.680288,2.54181127,15.160793799999999,0.10355265599999999,0.03765762362529238
209.4176656,598.9550839999999,271.69808,2.50556098,15.2750491,0.103532728,0.03691218946885738
209.24605680000002,598.018673,305.657416,2.27732085,15.674833,0.103291712,0.036881768219040045
209.085489,590.080013,313.251044,2.12422021,15.8604339,0.101216192,0.03810869147403382
208.92460569999997,584.761257,313.3066,2.11279468,16.160217000000003,0.09979416,0.039273114605698524
208.7690852,578.553605,281.274911,2.18610667,16.217381200000002,0.098101408,0.03872785141751972
208.6217666,570.614945,252.04587599999996,2.03243585,16.4314911,0.095882632,0.04100787993564581
208.4747634,555.6886559999999,249.246146,1.75964858,16.8455295,0.09154020800000001,0.043807331389811056
208.33059939999998,538.142463,209.65299299999998,1.47796504,17.045458,0.086126936,0.04852327137599152
208.1899054,534.555446,157.432546,1.51568464,17.2738955,0.08497637599999999,0.04925631718787585
208.04921140000002,550.213466,151.15033200000002,1.84012437,16.6456741,0.089888064,0.04458010274784039
207.90883280000003,571.096674,199.899991,2.14346744,16.1745446,0.09601912,0.03984064762833973
207.7690852,579.7370940000001,288.572484,2.34543543,15.674833,0.098426648,0.03797156033958089
207.6290221,579.674228,309.240047,2.38858636,15.489232099999999,0.098409728,0.038013564247310845
207.484858,576.975376,321.161926,2.31012082,15.4463955,0.09766524800000001,0.03896053924276951
207.3384858,572.514814,297.213635,2.21324139,15.4035589,0.096419184,0.03911890235484609
207.192429,569.832044,307.745152,2.17208609,15.517741099999999,0.095660792,0.038929551627614245
207.0410095,569.737745,279.670366,2.25936749,15.46065,0.095634096,0.03840447738389841
206.8886435,568.8020650000001,302.019229,2.33161222,15.646250899999998,0.09536751199999999,0.03834874953794612
206.7362776,572.217297,321.765001,2.40974881,15.917525,0.09633571199999999,0.03866268594329015
206.54921140000002,582.619427,359.967792,2.47322154,16.1745446,0.09921399199999999,0.03692615934607841
206.3599369,586.908204,350.500611,2.48080201,15.931779500000001,0.10037132,0.03673596390684803
206.1706625,592.070526,339.859444,2.3443169999999998,15.417813399999998,0.10174184,0.03604477986004961
205.985489,589.371674,314.89433199999996,2.3440977000000003,14.8752652,0.10102819199999999,0.03895443418486257
205.8003155,593.660451,310.789036,2.4889088,14.6183187,0.10215919999999999,0.038932205260930476
205.6189274,603.189767,293.374423,2.70443684,14.761083,0.104614104,0.03885626479567978
205.455836,603.126901,293.454833,2.60421674,15.2750491,0.104598312,0.038036489506661615
205.2927445,608.289223,271.78799300000003,2.28618057,15.8604339,0.105896264,0.038229416668251075
205.13406940000002,594.205046,258.91654500000004,2.01950446,16.360145499999998,0.10230132800000001,0.040950247540150066
204.9870662,583.661833,221.036125,1.89605318,16.360145499999998,0.099496744,0.04298241056159737
204.8397476,569.6090889999999,201.321786,1.81679085,16.4886553,0.09559724800000001,0.04428249861197441
204.6949527,563.4175190000001,178.64178,1.85785843,16.6314196,0.093817264,0.045562009462750436
204.5545741,556.497873,180.53360800000002,1.98041058,16.4743277,0.0917816,0.04236069901720561
204.4138801,556.454744,175.763833,2.04942429,16.217381200000002,0.09176844,0.041256253421337964
204.27381699999998,554.667449,174.23531200000002,1.94832699,16.1887991,0.091234144,0.04192888435990977
204.1347003,551.127216,180.799692,1.81926894,16.4743277,0.090165928,0.044923968322716334
203.9955836,547.605258,193.39701499999998,1.79649098,16.7741839,0.08908944,0.04822192355720948
203.8555205,540.586927,181.202473,1.69706767,17.0882946,0.08690187199999999,0.04796052044569976
203.7148265,516.130591,161.781265,1.3804204,17.4880054,0.07881561599999999,0.05749351692995122
203.5744479,455.91008,129.781009,0.93763908,18.4017554,0.055205448,0.07134968505617716
203.42082019999998,418.375423,121.436644,0.662836443,19.1584866,0.026879826000000002,0.16213282626191117
203.2630915,380.84076600000003,91.073097,0.84173919,19.9152178,0.029512992000000002,0.13812055304648338
203.0962145,376.437953,101.4628,1.20117189,19.2441598,0.044934632,0.08417179993031625
202.9236593,397.319699,107.93215,1.49401049,18.7016116,0.05919744,0.02788617304282397
202.7485804,407.73864199999997,140.480656,1.69451648,17.902043799999998,0.07311508,0.04240671466827765
202.5706625,430.37259500000005,157.679624,1.8665353999999998,17.8391047,0.08036473599999999,0.05223470512206063
202.39274450000002,436.43258499999996,168.507927,1.99882447,18.0817967,0.082469584,0.0536071836034859
202.215142,424.174446,169.9575,1.91782967,18.2975879,0.07770228,0.0556929324884756
202.0391167,421.52384000000006,153.01803700000002,1.72632229,18.5016831,0.068675272,0.05793708131559059
201.86750790000002,425.83966399999997,130.49081,1.57864567,18.5101627,0.063426688,0.062304859461736674
201.6984227,461.54316600000004,130.88335700000002,1.49970498,18.2959797,0.062468264,0.06606565342890365
201.54794950000002,486.784596,123.885494,1.38789122,18.0943699,0.059832504,0.0719743475621476
201.3974763,490.228337,135.96819299999999,1.20643509,17.8726576,0.059517416,0.07630737822358992
201.2643533,467.516167,124.086519,0.97261012,18.0742674,0.053079544000000006,0.08452850549060602
201.1318612,419.510666,108.76256599999999,0.77049593,18.6637458,0.034613319,0.10698415371048546
200.9933754,402.901615,98.460583,0.669423484,19.2408703,0.026588276,0.16118115750416734
200.85394319999997,416.808159,92.918872,0.692532587,19.2365574,0.027376822999999998,0.13762196410672708
200.7022082,442.929713,101.217184,0.82947301,18.704901100000004,0.035444806,0.09872020842550355
200.54574130000003,490.83945300000005,102.80784,1.03361938,18.0119862,0.055069335999999997,0.06995626228516816
200.38264980000002,524.79952,104.37071800000001,1.23650112,17.4989704,0.071446392,0.06130138988621555
200.2148265,541.321582,104.293963,1.38485757,17.3024045,0.077719576,0.05623243567799247
200.044164,540.415142,102.755939,1.49630583,17.3024045,0.077719576,0.05460942381241903
199.8706625,526.421609,97.885286,1.48593294,17.3309866,0.076807776,0.054519451845331496
199.6968454,499.340983,85.891769,1.39850534,17.5165875,0.070882768,0.059560148833341466
199.5217666,471.388274,77.470649,1.16359849,17.7878616,0.062222735999999994,0.07394173349918028
199.3479495,463.49785999999995,80.887343,1.01767627,18.0305536,0.05447450400000001,0.07658208946969623
199.17760249999998,473.05422300000004,72.3407103,1.0610465,18.230482100000003,0.048323896,0.09174563109582867
199.0097792,488.70420199999995,66.92202660000001,1.33355599,18.216154500000002,0.056650792,0.0798970464183841
198.8608833,516.56115,61.7641637,1.36109276,18.144808899999997,0.058331888,0.08148123276323432
198.7116719,530.467694,79.030603,1.42283302,17.902043799999998,0.06322816,0.07138587508979129
198.5798107,540.895409,82.338378,1.50742434,17.6165152,0.069748376,0.06401463646930794
198.448265,545.211233,82.466303,1.59733003,17.316732100000003,0.07726311200000001,0.061333392028975274
198.30977919999998,547.7836219999999,87.67760200000001,1.63256423,17.159640200000002,0.08227632,0.0560506109540612
198.1706625,544.252892,89.557734,1.5919718,17.131131200000002,0.08318774400000001,0.056495650867049836
198.01829650000002,524.147468,92.931299,1.49871813,17.259567899999997,0.079085584,0.05642896289859905
197.8608833,507.537686,96.43790600000001,1.41636367,17.6593518,0.066659912,0.06464929684614625
197.6968454,484.825516,122.003169,1.35433832,17.9734625,0.059843784000000004,0.07373577882935728
197.5280757,470.831983,135.39582,1.27541956,18.2733187,0.054262816,0.08515189438634134
197.35709780000002,458.57384400000007,136.82931100000002,1.16992164,18.3446643,0.050088464000000006,0.09647758108933578
197.1829653,443.708228,128.127487,1.08263293,18.4731741,0.045923887999999996,0.10428009335834597
197.00851740000002,452.38373600000006,126.39136200000002,1.08106128,18.4731741,0.045874632,0.10555110904161315
196.8334385,479.376642,131.315378,1.20394969,18.0733902,0.054140615999999996,0.08817307714110838
196.65930600000002,502.00255400000003,128.441817,1.39941909,17.802116100000003,0.06379028,0.06861341540996857
196.4892744,529.858771,130.478383,1.60721315,17.3880777,0.076048632,0.05885779621251738
196.3217666,549.8691650000001,115.15881599999999,1.79633747,17.2167313,0.08492712,0.051204074981643505
196.17413249999998,533.251342,106.726731,1.91641153,17.0168759,0.09149696800000001,0.0492534501877438
196.0264984,527.9852179999999,105.127303,1.92389697,17.0882946,0.09069345599999999,0.04715536691559608
195.89526809999998,522.710322,113.10909199999999,1.85248558,17.28815,0.08584832,0.05198332970153181
195.7646688,513.058929,121.81968799999999,1.71684853,17.4594964,0.078879536,0.05701388725094083
195.62649840000003,505.185328,115.214372,1.58238839,17.6022607,0.072256296,0.060947444784259584
195.4870662,478.98555700000003,107.02205500000001,1.55265862,17.5880062,0.07164868,0.05993558524104089
195.3340694,443.18629400000003,122.35185600000001,1.46342545,17.687933899999997,0.067504032,0.06581625695607833
195.1760252,416.11444,137.987215,1.38490143,17.802116100000003,0.063271776,0.0664645532492822
195.01104099999998,401.248824,141.47043,1.32779571,18.216154500000002,0.056390975999999995,0.03855083179898797
194.84164040000002,409.924332,132.811004,1.40275245,18.5588473,0.056735768,0.06863307455499133
194.6697161,415.97555,141.634174,1.64546638,18.9728857,0.06268108,0.06275800044270892
194.49526809999998,414.197027,138.23941000000002,1.91673317,18.8443759,0.07266764,0.05954898078681905
194.3201893,416.768685,134.677247,1.85605286,18.8015393,0.070971504,0.06526544379888417
194.1451104,433.29147800000004,139.35126100000002,1.51339661,18.715866100000003,0.059788512,0.07276450823244116
193.9709779,438.479385,166.91654,1.14932937,18.6445205,0.046689048,0.11169207058768517
193.8012618,438.435525,177.00141599999998,1.36348313,18.3018277,0.057162152,0.07976946733759614
193.63375390000002,434.89602300000007,143.942672,1.35634857,18.1019723,0.058449575999999996,0.08046305765394006
193.4873817,427.885733,114.73556699999999,1.2671153999999998,18.2019,0.054488416,0.07900769722373963
193.34100949999998,426.099169,104.652153,0.91018272,18.4874286,0.03988796,0.12378516513787842
193.19936909999998,464.418189,111.523553,0.94587745,18.3732464,0.043534032,0.12567757130654902
193.0526814,487.915453,116.435873,1.11363464,18.0448812,0.054016536,0.10036159834814525
192.9006309,500.95868600000006,104.75303100000001,1.32422112,17.7592795,0.06313152799999999,0.07725381697098145
192.74195580000003,517.481479,106.44968200000001,1.42416344,17.687933899999997,0.06634820799999999,0.07957422178254138
192.5851735,523.540738,106.71211100000001,1.4527163,17.5736786,0.06905616,0.07718406168296857
192.4305994,525.241044,117.042603,1.45985817,17.6022607,0.06878393599999999,0.07948698848030326
192.2782334,528.676744,118.82551200000002,1.47770188,17.4451688,0.073157944,0.07399130296438575
192.1246057,519.9230190000001,139.46164199999998,1.52767304,17.2024768,0.080905424,0.06638354471891024
191.9694006,513.7760400000001,139.32640700000002,1.5990625,17.073967,0.085007208,0.05663588578051012
191.81230280000003,500.64581799999996,117.105469,1.55980049,17.0597125,0.08546292,0.056519154975675424
191.6539432,484.90811900000006,79.539379,1.43843987,17.3309866,0.07680364,0.08816875785946617
191.5,453.477312,52.99326020000001,1.25997353,17.530842,0.07042292,0.09560719753998888
191.348265,434.25274299999995,54.742031499999996,1.09221634,17.9734625,0.056294344,0.10809594527225609
191.1987382,422.865956,52.46650160000001,0.8923317,18.4731741,0.040343296,0.12898339080550475
191.0697161,417.599832,60.253040500000004,0.7245752409999999,18.9586312,0.030624937,0.1133508158997012
190.9410095,423.659091,61.7420875,0.6567581779999999,19.2155777,0.026278226000000002,0.14814059909216107
190.81261830000003,427.975646,61.6896017,0.696020188,18.901467,0.030141476,0.11375939748711124
190.662776,432.28269800000004,52.977470600000004,0.77097839,18.630192899999997,0.035329712,0.13008277759789197
190.5063091,429.62332000000004,52.9491078,0.83879326,18.444592,0.041254344,0.12999875382000795
190.35015769999998,430.442771,63.43917710000001,0.83522598,18.5731018,0.037152597999999995,0.1304185590525828
190.1823344,433.023932,66.9446145,0.82808411,18.658775,0.035888937,0.1267443485357478
190.00567819999998,445.187041,60.239663199999995,0.82808411,18.5588473,0.037608272000000005,0.12644030975846293
189.8290221,454.733901,58.5946208,0.90304085,18.258991100000003,0.047178976,0.11829475810434655
189.651735,461.665974,60.1468993,0.96372116,18.144808899999997,0.050824672,0.10934026140137071
189.4731861,465.10971500000005,71.99904090000001,1.0386779000000002,18.144808899999997,0.050824672,0.11666223628413386
189.29495269999998,465.94670999999994,65.4140467,1.09578362,18.230482100000003,0.049186064,0.11532939028244345
189.1217666,474.622218,72.4037225,1.08150719,18.358918799999998,0.047139872,0.1297451910419992
188.98328080000002,494.623109,86.260924,1.10649277,18.0448812,0.054014655999999994,0.09869202540962631
188.844795,512.898109,115.220951,1.19572594,17.9448804,0.057205016,0.09204253007118385
188.7059937,526.813425,138.97041000000002,1.47770188,17.1168036,0.083638192,0.05779946820039401
188.56782330000001,546.823088,128.266377,1.75611054,16.8455295,0.092297096,0.048181464596593615
188.4299685,583.398673,114.00968400000001,2.08092308,16.3886545,0.107315664,0.04610661919365455
188.2917981,592.945533,96.14843,2.06664665,16.2030536,0.112805264,0.04652054557946709
188.1315457,587.6713679999999,92.985393,2.04166107,16.217381200000002,0.112349176,0.047076881624500945
187.96246059999999,585.8840730000001,85.869839,2.00953362,16.360145499999998,0.10779168,0.04885745829405929
187.7930599,581.4812599999999,78.784987,1.98812263,16.5600009,0.10141133599999999,0.05467371394978285
187.6160883,572.7099910000001,82.299635,1.96313705,16.6599286,0.098561632,0.0567179208698718
187.4315457,560.468665,82.12858100000001,1.74183411,16.859857100000003,0.09184063199999999,0.05969685826048452
187.2470032,536.884412,73.226463,1.6811538000000001,17.1168036,0.083637064,0.07128666962233221
187.06246059999998,531.609516,62.7228702,1.57050964,17.3595687,0.07588958400000001,0.09126013053922166
186.877918,520.2234599999999,48.9301429,1.59192063,17.502333,0.07373736,0.09528461793926962
186.6930599,489.664005,54.3928328,1.60977165,17.6736063,0.072119432,0.08631977693242467
186.5119874,472.182871,49.25938529999999,1.48127647,17.8877893,0.065275856,0.09248177427054471
186.3823344,454.70173700000004,45.7102341,1.2885337,18.0448812,0.056601535999999994,0.10299405558577641
186.2529968,436.33974800000004,43.8908482,1.04224518,18.2733187,0.047038727999999995,0.11940495912496613
186.12334380000001,438.91213700000003,40.3998115,1.02082688,18.358918799999998,0.045180912000000004,0.1194236512708729
185.9842271,440.612443,45.6244147,0.99941589,18.673029500000002,0.040779456,0.12290307977308619
185.8432177,437.95306500000004,47.2340767,1.09221634,18.8872125,0.046908632,0.1190974790105221
185.7022082,447.49188399999997,56.065214600000004,1.15289665,19.087067899999997,0.051398824,0.11422414710232902
185.5422713,447.44802400000003,59.4650956,1.17431495,18.7587027,0.05137889599999999,0.11839047798357082
185.3712934,450.90126799999996,54.3360341,1.13147835,18.615938399999997,0.05295772,0.11445518949513904
185.20031550000002,454.345009,56.0456969,1.10649277,18.5588473,0.05450872,0.1148738741110128
185.0223975,461.28512300000006,61.516793299999996,1.21000237,18.5588473,0.05756372,0.1129106178543317
184.83533119999998,473.448232,82.627854,1.22249516,18.3875009,0.062701384,0.09362767193015416
184.64826499999998,489.970294,126.66768,1.29656008,17.8306982,0.06927236,0.08054104086987078
184.459306,499.517885,177.472911,1.42104207,17.4166598,0.07287105599999999,0.08128934485235485
184.2640379,515.1598230000001,203.23993000000002,1.55980049,17.1453857,0.07847872,0.06832843677972414
184.0687697,518.612336,201.995768,1.6637560000000002,17.045458,0.079671016,0.06560666456841552
183.87350159999997,525.534906,175.70023600000002,1.75343508,16.717092800000003,0.082014248,0.06257038320434564
183.7305994,532.475751,166.947242,1.9051322,16.5314188,0.084302584,0.054488539432860805
183.58801259999998,542.022611,136.121703,1.9738461999999999,16.3029813,0.08735419999999999,0.04505289370235602
183.4454259,527.156995,109.95702,1.88460572,16.7741839,0.08255456,0.05890688630703844
183.3082019,500.957224,76.841989,1.54552406,17.3880777,0.073401592,0.08228077983938988
183.1817035,483.47609000000006,68.29835340000001,1.3492066999999999,18.1304813,0.06674300799999999,0.08591756012848227
183.0555205,488.663997,66.65455370000001,1.38490143,18.1304813,0.068768896,0.08228613237358691
182.9290221,498.21085700000003,68.4226965,1.36527408,17.8164437,0.072386768,0.08599922290725705
182.76529969999999,504.27084699999995,68.1025185,1.37240864,17.6593518,0.07461193599999999,0.08837448645062852
182.5839117,508.577899,68.13811820000001,1.32868753,17.6450973,0.076161432,0.09066784664195414
182.4025237,514.646661,62.9831062,1.3468674999999999,17.6450973,0.07830012,0.08972888296871186
182.2217666,525.065604,58.0267069,1.37597592,17.5736786,0.081857456,0.08881608408553437
182.07160880000004,541.587666,58.0336514,1.44736538,17.345241100000003,0.08721733599999999,0.07097668365248956
181.92145109999998,565.08493,82.779902,1.59772477,16.9597848,0.0943008,0.05740904909366506
181.77160880000002,593.822733,118.349631,1.75366169,16.5600009,0.10220131199999999,0.04701357135540277
181.6280757,597.266474,137.847594,1.83999279,16.3029813,0.10309732,0.04372136786783141
181.4971609,602.454381,146.865941,1.87981036,16.288726800000003,0.104427232,0.04503482358368521
181.36624609999998,592.819801,155.347003,1.79649098,16.3458179,0.101938864,0.045479332216191326
181.2353312,590.161154,174.170984,1.92744232,16.3458179,0.101237624,0.04461343783143911
181.0684543,582.261968,188.426946,1.94886062,16.160217000000003,0.099116984,0.046341349535479553
180.88548899999998,580.4834450000001,195.543231,2.14517067,16.1459625,0.098631568,0.0434267704172614
180.70283909999998,584.7992690000001,199.09004299999998,2.05237022,16.0031982,0.09980431199999999,0.04565172572621859
180.52082019999997,584.7561400000001,204.00601799999998,2.06664665,16.0174527,0.099792656,0.04561104949894609
180.37003149999998,591.687482,209.10474299999998,2.02024277,16.088871400000002,0.101640696,0.044836803565448884
180.2192429,590.763498,208.56599599999998,2.15231254,16.3315634,0.101397048,0.04219765775471502
180.0684543,595.0880940000001,223.879715,2.31292786,16.117380400000002,0.102531816,0.0410925451484798
179.9252366,580.213706,231.41120800000002,2.3878846,16.217381200000002,0.098557496,0.04249779212072156
179.79495269999998,581.041929,236.576454,2.34148072,16.0174527,0.098784224,0.04252596984687625
179.66466880000002,572.271391,242.42153,2.20941826,16.3886545,0.096350752,0.04423324237413981
179.53438490000002,566.133184,235.75700299999997,2.20941826,16.417236600000003,0.09460272800000001,0.04400477854788141
179.366877,552.139651,221.240805,2.25224755,16.417236600000003,0.09047274400000001,0.04288921265568371
179.18391169999998,535.5306,175.135173,2.11304322,16.588583,0.08529071199999999,0.05529151755035788
179.0009464,524.1525849999999,140.073489,1.89531487,16.817020499999998,0.081551392,0.06080547657598869
178.8192429,512.77457,134.392157,1.80965629,17.2738955,0.07764588,0.06929604232919022
178.6681388,500.507659,120.70710600000001,1.66687737,17.3738232,0.073236152,0.07515037162926406
178.51703469999998,497.848281,110.054243,1.47502642,17.3309866,0.072251784,0.07834135808072756
178.36593059999998,494.325592,92.73465999999999,1.46034794,17.2453134,0.070931272,0.08047134688241457
178.2236593,496.889209,94.507335,1.41663414,17.3595687,0.071894208,0.08606461770386375
178.0952681,506.44557199999997,77.200179,1.51730015,17.316732100000003,0.07539739999999999,0.09139749072621021
177.966877,517.7365980000001,66.6748755,1.5720155,17.1882223,0.079370216,0.09315451939716442
177.8384858,525.540023,55.826250699999996,1.70390983,17.1025491,0.082015752,0.08725838701309029
177.6798107,529.8646190000001,66.2299889,1.76899807,17.1025491,0.083448688,0.06949157569191305
177.5091483,532.4362769999999,78.521827,1.86519767,17.1882223,0.0842898,0.06411396574445354
177.3384858,534.999894,81.757964,1.80508023,17.2167313,0.08512000800000001,0.06140182975390011
177.1681388,531.477936,81.714835,1.63586835,17.530842,0.08397696800000001,0.06631482110283936
177.0012618,514.860113,71.2152627,1.41256247,17.902043799999998,0.07837456799999999,0.08175077835021181
176.8384858,492.147212,80.16730799999999,1.31384823,18.0877178,0.0701052,0.08290116707627672
176.6817035,479.897845,80.448012,1.32185268,18.2733187,0.06532022400000001,0.0889975895547147
176.52018930000003,486.820415,96.417438,1.31189646,18.1162268,0.06805412,0.06943634645485307
176.3564669,496.368006,87.635204,1.27693273,18.2019,0.071699064,0.08117733698125022
176.18706619999998,509.41123899999997,91.02704399999999,1.28172809,17.7307705,0.076458096,0.07657936536802375
176.0157729,519.82141,115.50238600000002,1.42773072,17.5451696,0.08008499200000001,0.06318876981909692
175.84227130000002,530.257897,164.24839,1.67981607,16.9882938,0.083578032,0.05006915346502421
175.6675079,541.5489230000001,212.812375,1.93747895,16.5314188,0.087205304,0.0417307302497256
175.49242900000002,542.377146,225.15165499999998,2.08030904,16.217381200000002,0.08746549599999999,0.04581609772248613
175.32776030000002,514.425168,213.420567,2.01622958,16.4886553,0.07822304,0.05967715328319634
175.1769716,494.32851600000004,186.92474099999998,1.74897598,17.045458,0.07093202400000001,0.07203777930398673
175.02397480000002,463.769061,153.56555600000002,1.38133415,18.0448812,0.058634568,0.10251389393116313
174.8599369,426.225632,145.04355800000002,1.05785934,18.6445205,0.041112592,0.1596690915028498
174.6883281,393.92274199999997,146.376902,0.87370582,19.2441598,0.023363211000000002,0.23017336891493057
174.5132492,386.032328,153.225641,0.87348652,19.1870687,0.01857628,0.3455998679075252
174.3293375,392.066002,152.636455,1.06812258,18.9586312,0.022254124,0.22574191963130563
174.14542590000002,399.89574300000004,135.408978,1.39248921,18.5731018,0.026861177000000003,0.0964447845596808
174.0107256,419.033323,133.815398,1.68717724,18.601683899999998,0.037397486,0.11936742519981287
173.8760252,429.452266,126.54925800000001,1.77039428,18.673029500000002,0.042738792000000005,0.11831741925396429
173.7362776,431.15257199999996,126.672797,1.64390204,18.8586304,0.043586296,0.12940504680739914
173.5946372,425.868904,100.80416899999999,1.41814,18.8015393,0.04093136,0.1373660018371925
173.44794950000002,423.210257,76.825176,1.25729807,18.9728857,0.03957024,0.14384188621465652
173.29589909999999,412.713097,66.3237762,1.18596709,18.872957999999997,0.034025819,0.15439248002872352
173.14542590000002,413.54132000000004,78.70092199999999,1.1638251,18.8301214,0.034473598,0.15964163310457322
173.0003155,433.55098300000003,104.681393,1.28082165,18.316155300000002,0.044769944000000006,0.12287799496668826
172.8548896,464.895532,118.647148,1.28867259,17.8164437,0.05911659999999999,0.11022837176386796
172.7025237,488.401568,141.412681,1.37263525,17.2453134,0.068667376,0.09162246688767146
172.54952680000002,518.8740339999999,167.511574,1.58879926,16.8455295,0.07976050400000001,0.07206483955350933
172.3917981,527.548811,195.456242,1.95644109,16.5029098,0.08268428,0.06106205562831174
172.23123030000002,526.633599,216.86650099999997,2.29374642,16.288726800000003,0.082380472,0.05626678042575372
172.07255519999998,512.640066,186.809974,2.35710219,16.5314188,0.077598504,0.06025706042148359
171.9192429,479.46509299999997,149.352803,2.07021393,17.131131200000002,0.065146888,0.07514485619132166
171.7656151,450.64103200000005,92.201761,1.60485933,18.1162268,0.052839656,0.09103510698107782
171.60694009999997,430.54438,66.0740666,1.21044828,18.9586312,0.043283616,0.1215205644168652
171.4476341,419.157593,57.366248399999996,1.05295433,19.1870687,0.037462685,0.13140127361096096
171.2858044,422.58379,60.8170801,1.11720192,19.0299768,0.039247256,0.122031188160931
171.1217666,424.310412,60.509475300000005,1.18501679,18.9443036,0.040135744,0.12301012417063063
170.9605678,420.77968200000004,55.2258804,1.14575478,19.0014678,0.038311016,0.12197807852548674
170.8056782,419.86447000000004,61.924764399999994,1.01369232,19.0157223,0.03783312,0.12882548750576045
170.6507886,414.589574,70.39486140000001,0.93873558,18.8015393,0.03503756,0.13890127236432737
170.49148259999998,411.930196,67.1110632,0.91018272,18.715866100000003,0.033601127,0.1370673672781225
170.3321767,428.45225800000003,55.182970700000006,1.04581246,18.5445928,0.042237584,0.1353927934990337
170.1697161,428.409129,45.0169537,1.09578362,18.5160107,0.042215775999999997,0.12789279490114444
170.0059937,421.382026,55.512871,1.11720192,18.8015393,0.038624599999999995,0.13068378651313836
169.844795,423.09037300000006,69.4306724,0.95301201,19.087067899999997,0.039508952,0.12423472504849849
169.6899054,414.319835,82.93560500000001,0.79596397,19.1584866,0.034892762,0.14257960142839407
169.5353312,403.813903,89.80115699999999,0.699589661,18.9871402,0.029099655,0.15351939749613971
169.3757098,406.394333,86.14908100000001,0.77454567,19.229905300000002,0.030550489,0.14132560134769032
169.21608830000002,406.351204,91.79605600000001,0.84593513,19.601107100000004,0.030526199,0.15131070008480074
169.0539432,401.06753599999996,97.104578,0.93159371,19.3012509,0.02753542,0.15370771871038527
168.8899054,402.767842,90.39326700000001,0.92802643,19.0299768,0.028506478,0.1467155669927784
168.72902209999998,400.980547,80.165846,0.91375,18.8443759,0.027485525,0.09946192382465253
168.5741325,401.80877000000004,83.635172,0.90304085,19.0014678,0.027959886,0.11043080589743166
168.4195584,396.534605,104.35244300000001,0.89947357,19.2441598,0.024905676,0.18953425022988876
168.2586751,396.490745,105.97306999999999,0.87092071,19.258414300000002,0.024880146000000002,0.1905940025929472
168.0962145,391.198305,84.967054,0.83522598,19.4155062,0.021732462,0.26714534728119216
167.9315457,386.813036,80.02476300000001,0.717436295,19.4725973,0.019058763,0.3331808617809522
167.7586751,381.53814,88.545299,0.59607933,19.686780300000002,0.015761469,0.5885370339189363
167.5835962,379.750845,100.43282099999999,0.46044447299999997,19.601107100000004,0.014623467,0.5958377181187186
167.40694009999999,381.451151,95.133071,0.424751205,19.4868518,0.015706347,0.5935169860374735
167.23123030000002,387.511141,98.63090600000001,0.414042786,19.6153616,0.019488268,0.4037696859656901
167.0570978,388.33059199999997,103.98401899999999,0.389057937,19.6724527,0.019990867,0.4050376276099879
166.9022082,388.296235,110.70921899999999,0.324809616,19.629616100000003,0.019969586,0.40819486946742806
166.75425869999998,389.124458,119.671279,0.324809616,19.329832999999997,0.020475381,0.3094639642648078
166.6141956,391.688075,121.49366200000001,0.371210572,19.272668799999998,0.022027058,0.29449493470520033
166.46593059999998,395.140588,123.67423500000001,0.42118173200000003,19.2441598,0.024085131,0.21284665096372576
166.3141956,394.225376,113.457779,0.414042786,19.4011786,0.023542977000000003,0.27811866534196467
166.1570978,389.81379100000004,99.461322,0.374780045,19.6153616,0.020894621000000002,0.31029387176311807
165.99432180000002,388.898579,88.931998,0.331948562,19.6724527,0.020337577,0.3054312516129594
165.83059939999998,392.351092,80.056196,0.40333509799999995,19.772380399999996,0.022425166,0.25741688657086187
165.6728707,401.897952,76.344909,0.5104149020000001,19.358342,0.028010834,0.15452274982796413
165.5217666,404.470341,71.1119724,0.606787018,19.5011063,0.029470654,0.15216764775915168
165.3760252,405.289792,74.886564,0.5603860620000001,19.3869241,0.029931894,0.15128846973391816
165.2277603,408.71672,90.755843,0.54610817,19.4725973,0.031840319,0.1908654386283706
165.07823340000002,411.315425,88.89690999999999,0.585370911,18.9871402,0.033266262000000005,0.171881749851351
164.92712930000002,423.460259,94.341398,0.7138668220000001,18.8586304,0.039699208,0.1554735445481236
164.7624606,440.008637,134.205021,0.97443031,18.358918799999998,0.047893,0.12400008484259491
164.59305990000001,475.71287,187.781473,1.40275245,17.7307705,0.06362897599999999,0.09426944730607172
164.4192429,504.44117,213.16179300000002,1.78109612,17.0882946,0.0746736,0.07175326986613643
164.24511040000002,514.860113,201.077632,2.02738464,16.9169482,0.07837456799999999,0.06708034963706894
164.0719243,498.251062,175.08107900000002,1.30281013,17.4594964,0.072401432,0.08570932791860049
163.91861200000002,475.538892,157.535617,0.80532808,18.2447366,0.06355791200000001,0.1225601394670005
163.7722397,433.63651,129.8987,0.578678606,19.2155777,0.04481168,0.15905368221375613
163.6334385,415.283293,123.058002,0.52129072,19.529688399999998,0.035409386,0.1718373760976042
163.484858,398.674242,109.417542,0.523981531,19.686780300000002,0.026154333999999998,0.2129353353293991
163.3321767,389.039662,95.545355,0.562170433,19.715289300000002,0.020423831,0.30192597008945615
163.17413249999998,382.893414,72.98391720000001,0.6130334129999999,19.686780300000002,0.016616982,0.5293482862435904
163.0107256,375.874352,69.3958768,0.6711464509999999,19.6724527,0.012117953999999998,0.5112066432492196
162.8466877,380.182135,71.20817199999999,0.684597582,19.5011063,0.014898699,0.5164180405479013
162.6899054,389.737767,81.62784599999999,0.674242236,19.586779500000002,0.020848448000000002,0.2333625776966867
162.5400631,403.64431099999996,83.543797,0.641588466,19.4868518,0.02900385,0.16750968699492608
162.39526809999998,413.18313,95.720795,0.6524635529999999,19.4155062,0.034280146000000004,0.1651936185866588
162.248265,421.866679,87.068679,0.6928418000000001,19.087067899999997,0.03887652,0.1270840602414992
162.10094640000003,441.00499,100.838526,0.77655592,18.615938399999997,0.048366384000000005,0.11965335065145101
161.9397476,454.902762,100.85606999999999,0.85200974,18.2733187,0.054757632,0.11226641315277486
161.7725552,460.945208,124.10113899999999,0.93695194,18.0020446,0.057415952,0.10114001178471466
161.60441640000002,464.40649299999995,113.72093899999999,1.04938705,17.8877893,0.05890792,0.09251333214097009
161.43438490000003,471.355379,122.297762,1.2327583999999998,17.7021884,0.061836208,0.07813902849132796
161.2684543,500.955762,120.07406,1.44714608,17.4594964,0.07340121599999999,0.06808088546625529
161.1252366,523.572902,128.620181,1.63007152,17.3024045,0.08135624799999999,0.06034223359888689
160.98170349999998,522.666462,133.66335,1.69186295,17.3595687,0.07916304,0.058622377076920064
160.82460569999998,515.6474,126.41621599999999,1.56381368,17.6022607,0.071700944,0.06792876627555025
160.6656151,502.52595,124.944713,1.26220308,18.0877178,0.05542052,0.07731404372439564
160.49526809999998,481.55721500000004,117.779451,0.89679811,18.5873563,0.038203104,0.13283038100057676
160.3176656,437.03931500000004,116.52505500000001,0.611025356,19.201323199999997,0.024790507000000003,0.21191392311311466
160.1388013,407.351943,111.62735500000001,0.444828851,19.586779500000002,0.018196633,0.3640563861198694
159.9564669,388.117871,98.216429,0.380329797,19.7581259,0.015668671999999998,0.5876638198799524
159.7776025,379.347333,94.460551,0.375672596,19.7581259,0.015520641000000002,0.5868018589437297
159.6400631,379.312245,87.520437,0.415827888,19.686780300000002,0.016981025,0.5088123483857265
159.50252369999998,379.269116,83.952426,0.47695264600000004,19.658198199999998,0.018937165,0.3719337043401561
159.35394319999997,380.969422,82.286477,0.559493511,19.7010348,0.021381277999999997,0.25690499634867825
159.20283909999998,380.91679,69.9101353,0.633891767,19.6439437,0.023928414,0.20446433858845459
159.04794950000002,383.489179,64.565575,0.666015562,19.6439437,0.024898117999999997,0.19655691467446343
158.8902208,383.445319,52.3920858,0.595632689,19.7295438,0.022431671,0.2484567430239725
158.7353312,387.76991499999997,62.912783999999995,0.478068152,19.6439437,0.019005484,0.3396295344868599
158.5895899,397.299962,75.574435,0.397981254,19.4583428,0.017249038,0.44060080438734656
158.4435331,400.770019,80.931934,0.43456634200000005,18.9586312,0.022198287999999997,0.18137307717342357
158.2876972,411.180921,79.141715,0.670812384,18.3018277,0.037851544,0.13116490520754523
158.1312303,413.752579,91.44663800000001,0.9010306,18.0020446,0.048374655999999995,0.11496273134276917
157.9621451,415.45288500000004,91.334064,1.13650032,17.8592803,0.055984896,0.09586091706732221
